severity	category	match_type	pattern	reason
high	공인시험·성적	literal	공인어학시험	공식 기재 가능성 확인 필요
high	공인시험·성적	literal	전국연합학력평가 성적	성적 우회 기재 위험
high	교외실적	literal	교외상	교외 수상 실적 기재 위험
high	수상·대회	regex	(?:대회|경진대회).{0,20}(?:수상|입상|우승)	수상·대회 실적 우회 기재 위험
high	논문·학회	regex	(?:논문|학술지).{0,20}(?:게재|등재|투고)	논문·학회 실적 기재 위험
high	지식재산	literal	특허 출원	지식재산권 실적 기재 위험
high	지식재산	literal	특허 등록	지식재산권 실적 기재 위험
high	가족배경	regex	(?:부모|아버지|어머니|친인척).{0,20}(?:직업|직장|소득|지위)	가족의 사회·경제적 배경 기재 위험
medium	기관·학교식별	regex	[가-힣A-Za-z0-9]+(?:대학교|대학|연구원|연구소|기업|회사)	구체적 기관명·상호명인지 문맥 확인
medium	내면단정	literal	깨달음	학생 자기진술을 교사 관찰로 단정했는지 확인
medium	내면단정	literal	느낌	학생 자기진술을 교사 관찰로 단정했는지 확인
medium	내면단정	literal	다짐함	학생 자기진술을 교사 관찰로 단정했는지 확인
medium	과장·서열	literal	최고의	근거 없는 최상급인지 확인
medium	과장·서열	literal	매우 우수	구체적 행동 근거와 함께 쓰였는지 확인
medium	과장·서열	literal	탁월한	구체적 행동 근거와 함께 쓰였는지 확인
medium	근거없는역량	literal	역량이 뛰어남	관찰 가능한 행동 근거가 있는지 확인
low	모호한평가	literal	열심히	구체적 행동으로 바꿀 수 있는지 검토
low	모호한평가	literal	성실함	반복 관찰 근거를 함께 제시했는지 검토
